id,title,description,condition,link,image_link,price,availability,brand
1,Standard Wheelchair,"High-quality medical equipment from Equinox Health Supplies, trusted supplier in Nairobi, Kenya. Ideal for clinical facilities and home care.",new,https://equinoxhealthsupplies.co.ke/catalog.html,https://equinoxhealthsupplies.co.ke/assets/images/standard-wheelchair.jpg,13000 KES,in_stock,EquinoxHealthSupplies
2,Electric Wheelchair,"High-quality medical equipment from Equinox Health Supplies, trusted supplier in Nairobi, Kenya. Ideal for clinical facilities and home care.",new,https://equinoxhealthsupplies.co.ke/catalog.html,https://equinoxhealthsupplies.co.ke/assets/images/electric-wheelchair.jpg,125000 KES,in_stock,EquinoxHealthSupplies
3,Reclining Electric Wheelchair,"High-quality medical equipment from Equinox Health Supplies, trusted supplier in Nairobi, Kenya. Ideal for clinical facilities and home care.",new,https://equinoxhealthsupplies.co.ke/catalog.html,https://equinoxhealthsupplies.co.ke/assets/images/reclining-wheelchair.jpg,130000 KES,in_stock,EquinoxHealthSupplies
4,Standard Commode Wheelchair,"High-quality medical equipment from Equinox Health Supplies, trusted supplier in Nairobi, Kenya. Ideal for clinical facilities and home care.",new,https://equinoxhealthsupplies.co.ke/catalog.html,https://equinoxhealthsupplies.co.ke/assets/images/commode-wheelchair.jpg,17500 KES,in_stock,EquinoxHealthSupplies
5,Patient Transfer Chair,"High-quality medical equipment from Equinox Health Supplies, trusted supplier in Nairobi, Kenya. Ideal for clinical facilities and home care.",new,https://equinoxhealthsupplies.co.ke/catalog.html,https://equinoxhealthsupplies.co.ke/assets/images/transfer-chair.jpg,50000 KES,in_stock,EquinoxHealthSupplies
6,Quad Cane (4 Legs),"High-quality medical equipment from Equinox Health Supplies, trusted supplier in Nairobi, Kenya. Ideal for clinical facilities and home care.",new,https://equinoxhealthsupplies.co.ke/catalog.html,https://equinoxhealthsupplies.co.ke/assets/images/quad-cane.jpg,2500 KES,in_stock,EquinoxHealthSupplies
7,Walking Frame without Wheels,"High-quality medical equipment from Equinox Health Supplies, trusted supplier in Nairobi, Kenya. Ideal for clinical facilities and home care.",new,https://equinoxhealthsupplies.co.ke/catalog.html,https://equinoxhealthsupplies.co.ke/assets/images/walking-frame.jpg,4500 KES,in_stock,EquinoxHealthSupplies
8,Elbow Crutches (Pair),"High-quality medical equipment from Equinox Health Supplies, trusted supplier in Nairobi, Kenya. Ideal for clinical facilities and home care.",new,https://equinoxhealthsupplies.co.ke/catalog.html,https://equinoxhealthsupplies.co.ke/assets/images/elbow-crutches.jpg,2800 KES,in_stock,EquinoxHealthSupplies
9,Axillary Crutches (Pair),"High-quality medical equipment from Equinox Health Supplies, trusted supplier in Nairobi, Kenya. Ideal for clinical facilities and home care.",new,https://equinoxhealthsupplies.co.ke/catalog.html,https://equinoxhealthsupplies.co.ke/assets/images/axillary-crutches.jpg,2800 KES,in_stock,EquinoxHealthSupplies
10,Tripod Walking Stick,"High-quality medical equipment from Equinox Health Supplies, trusted supplier in Nairobi, Kenya. Ideal for clinical facilities and home care.",new,https://equinoxhealthsupplies.co.ke/catalog.html,https://equinoxhealthsupplies.co.ke/assets/images/tripod-walking-stick.jpg,2300 KES,in_stock,EquinoxHealthSupplies
11,Extra Wide Heavy Duty Wheelchair,"High-quality medical equipment from Equinox Health Supplies, trusted supplier in Nairobi, Kenya. Ideal for clinical facilities and home care.",new,https://equinoxhealthsupplies.co.ke/catalog.html,https://equinoxhealthsupplies.co.ke/assets/images/extra-wide-wheelchair.jpg,23500 KES,in_stock,EquinoxHealthSupplies
12,Walker Boots Short,"High-quality medical equipment from Equinox Health Supplies, trusted supplier in Nairobi, Kenya. Ideal for clinical facilities and home care.",new,https://equinoxhealthsupplies.co.ke/catalog.html,https://equinoxhealthsupplies.co.ke/assets/images/walker-boots-short.jpg,9500 KES,in_stock,EquinoxHealthSupplies
13,Walker Boots Long,"High-quality medical equipment from Equinox Health Supplies, trusted supplier in Nairobi, Kenya. Ideal for clinical facilities and home care.",new,https://equinoxhealthsupplies.co.ke/catalog.html,https://equinoxhealthsupplies.co.ke/assets/images/walker-boots-long.jpg,10500 KES,in_stock,EquinoxHealthSupplies
14,Toilet Raiser,"High-quality medical equipment from Equinox Health Supplies, trusted supplier in Nairobi, Kenya. Ideal for clinical facilities and home care.",new,https://equinoxhealthsupplies.co.ke/catalog.html,https://equinoxhealthsupplies.co.ke/assets/images/toilet-raiser.jpg,7500 KES,in_stock,EquinoxHealthSupplies
15,Shower Chair,"High-quality medical equipment from Equinox Health Supplies, trusted supplier in Nairobi, Kenya. Ideal for clinical facilities and home care.",new,https://equinoxhealthsupplies.co.ke/catalog.html,https://equinoxhealthsupplies.co.ke/assets/images/shower-chair.jpg,9500 KES,in_stock,EquinoxHealthSupplies
16,Commode Seat,"High-quality medical equipment from Equinox Health Supplies, trusted supplier in Nairobi, Kenya. Ideal for clinical facilities and home care.",new,https://equinoxhealthsupplies.co.ke/catalog.html,https://equinoxhealthsupplies.co.ke/assets/images/commode-seat.jpg,5500 KES,in_stock,EquinoxHealthSupplies
17,Commode Chair with Wheels,"High-quality medical equipment from Equinox Health Supplies, trusted supplier in Nairobi, Kenya. Ideal for clinical facilities and home care.",new,https://equinoxhealthsupplies.co.ke/catalog.html,https://equinoxhealthsupplies.co.ke/assets/images/commode-wheels.jpg,8000 KES,in_stock,EquinoxHealthSupplies
18,Commode Chair without Wheels,"High-quality medical equipment from Equinox Health Supplies, trusted supplier in Nairobi, Kenya. Ideal for clinical facilities and home care.",new,https://equinoxhealthsupplies.co.ke/catalog.html,https://equinoxhealthsupplies.co.ke/assets/images/commode-chair.jpg,7500 KES,in_stock,EquinoxHealthSupplies
19,Drip Stand,"High-quality medical equipment from Equinox Health Supplies, trusted supplier in Nairobi, Kenya. Ideal for clinical facilities and home care.",new,https://equinoxhealthsupplies.co.ke/catalog.html,https://equinoxhealthsupplies.co.ke/assets/images/drip-stand.jpg,3500 KES,in_stock,EquinoxHealthSupplies
20,Omron Blood Pressure Monitor,"High-quality medical equipment from Equinox Health Supplies, trusted supplier in Nairobi, Kenya. Ideal for clinical facilities and home care.",new,https://equinoxhealthsupplies.co.ke/catalog.html,https://equinoxhealthsupplies.co.ke/assets/images/omron-bp.jpg,5000 KES,in_stock,EquinoxHealthSupplies
21,Jumper Blood Pressure Monitor,"High-quality medical equipment from Equinox Health Supplies, trusted supplier in Nairobi, Kenya. Ideal for clinical facilities and home care.",new,https://equinoxhealthsupplies.co.ke/catalog.html,https://equinoxhealthsupplies.co.ke/assets/images/jumper-bp.jpg,3500 KES,in_stock,EquinoxHealthSupplies
22,Glucose Meter Kit (Full Kit),"High-quality medical equipment from Equinox Health Supplies, trusted supplier in Nairobi, Kenya. Ideal for clinical facilities and home care.",new,https://equinoxhealthsupplies.co.ke/catalog.html,https://equinoxhealthsupplies.co.ke/assets/images/glucose-meter.jpg,3000 KES,in_stock,EquinoxHealthSupplies
23,Pulse Oximeter (Finger Tip),"High-quality medical equipment from Equinox Health Supplies, trusted supplier in Nairobi, Kenya. Ideal for clinical facilities and home care.",new,https://equinoxhealthsupplies.co.ke/catalog.html,https://equinoxhealthsupplies.co.ke/assets/images/oximeter.jpg,2200 KES,in_stock,EquinoxHealthSupplies
24,Hand Held Pulse Oximeter,"High-quality medical equipment from Equinox Health Supplies, trusted supplier in Nairobi, Kenya. Ideal for clinical facilities and home care.",new,https://equinoxhealthsupplies.co.ke/catalog.html,https://equinoxhealthsupplies.co.ke/assets/images/handheld-oximeter.jpg,15000 KES,in_stock,EquinoxHealthSupplies
25,Infrared Thermometer,"High-quality medical equipment from Equinox Health Supplies, trusted supplier in Nairobi, Kenya. Ideal for clinical facilities and home care.",new,https://equinoxhealthsupplies.co.ke/catalog.html,https://equinoxhealthsupplies.co.ke/assets/images/infrared-thermometer.jpg,1800 KES,in_stock,EquinoxHealthSupplies
26,Thermogun,"High-quality medical equipment from Equinox Health Supplies, trusted supplier in Nairobi, Kenya. Ideal for clinical facilities and home care.",new,https://equinoxhealthsupplies.co.ke/catalog.html,https://equinoxhealthsupplies.co.ke/assets/images/thermogun.jpg,1600 KES,in_stock,EquinoxHealthSupplies
27,Nebulizer Machine,"High-quality medical equipment from Equinox Health Supplies, trusted supplier in Nairobi, Kenya. Ideal for clinical facilities and home care.",new,https://equinoxhealthsupplies.co.ke/catalog.html,https://equinoxhealthsupplies.co.ke/assets/images/nebulizer.jpg,5000 KES,in_stock,EquinoxHealthSupplies
28,Portable Mesh Nebulizer,"High-quality medical equipment from Equinox Health Supplies, trusted supplier in Nairobi, Kenya. Ideal for clinical facilities and home care.",new,https://equinoxhealthsupplies.co.ke/catalog.html,https://equinoxhealthsupplies.co.ke/assets/images/mesh-nebulizer.jpg,2500 KES,in_stock,EquinoxHealthSupplies
29,Oxygen Concentrator (5L),"High-quality medical equipment from Equinox Health Supplies, trusted supplier in Nairobi, Kenya. Ideal for clinical facilities and home care.",new,https://equinoxhealthsupplies.co.ke/catalog.html,https://equinoxhealthsupplies.co.ke/assets/images/oxygen-concentrator.jpg,60000 KES,in_stock,EquinoxHealthSupplies
30,Portable Oxygen Concentrator,"High-quality medical equipment from Equinox Health Supplies, trusted supplier in Nairobi, Kenya. Ideal for clinical facilities and home care.",new,https://equinoxhealthsupplies.co.ke/catalog.html,https://equinoxhealthsupplies.co.ke/assets/images/portable-oxygen.jpg,70000 KES,in_stock,EquinoxHealthSupplies
31,Suction Machine,"High-quality medical equipment from Equinox Health Supplies, trusted supplier in Nairobi, Kenya. Ideal for clinical facilities and home care.",new,https://equinoxhealthsupplies.co.ke/catalog.html,https://equinoxhealthsupplies.co.ke/assets/images/suction-machine.jpg,20000 KES,in_stock,EquinoxHealthSupplies
32,Fetal Doppler,"High-quality medical equipment from Equinox Health Supplies, trusted supplier in Nairobi, Kenya. Ideal for clinical facilities and home care.",new,https://equinoxhealthsupplies.co.ke/catalog.html,https://equinoxhealthsupplies.co.ke/assets/images/fetal-doppler.jpg,4000 KES,in_stock,EquinoxHealthSupplies
33,Rechargeable Fetal Doppler,"High-quality medical equipment from Equinox Health Supplies, trusted supplier in Nairobi, Kenya. Ideal for clinical facilities and home care.",new,https://equinoxhealthsupplies.co.ke/catalog.html,https://equinoxhealthsupplies.co.ke/assets/images/rechargeable-fetal-doppler.jpg,7500 KES,in_stock,EquinoxHealthSupplies
34,Alcohol Breath Tester,"High-quality medical equipment from Equinox Health Supplies, trusted supplier in Nairobi, Kenya. Ideal for clinical facilities and home care.",new,https://equinoxhealthsupplies.co.ke/catalog.html,https://equinoxhealthsupplies.co.ke/assets/images/alcohol-tester.jpg,3500 KES,in_stock,EquinoxHealthSupplies
35,DP10 Mindray Ultrasound Machine,"High-quality medical equipment from Equinox Health Supplies, trusted supplier in Nairobi, Kenya. Ideal for clinical facilities and home care.",new,https://equinoxhealthsupplies.co.ke/catalog.html,https://equinoxhealthsupplies.co.ke/assets/images/ultrasound.jpg,360000 KES,in_stock,EquinoxHealthSupplies
36,Diagnostic Set,"High-quality medical equipment from Equinox Health Supplies, trusted supplier in Nairobi, Kenya. Ideal for clinical facilities and home care.",new,https://equinoxhealthsupplies.co.ke/catalog.html,https://equinoxhealthsupplies.co.ke/assets/images/diagnostic-set.jpg,7000 KES,in_stock,EquinoxHealthSupplies
37,Hearing Aid,"High-quality medical equipment from Equinox Health Supplies, trusted supplier in Nairobi, Kenya. Ideal for clinical facilities and home care.",new,https://equinoxhealthsupplies.co.ke/catalog.html,https://equinoxhealthsupplies.co.ke/assets/images/hearing-aid.jpg,3000 KES,in_stock,EquinoxHealthSupplies
38,Rechargeable Hearing Aid,"High-quality medical equipment from Equinox Health Supplies, trusted supplier in Nairobi, Kenya. Ideal for clinical facilities and home care.",new,https://equinoxhealthsupplies.co.ke/catalog.html,https://equinoxhealthsupplies.co.ke/assets/images/rechargeable-hearing-aid.jpg,4500 KES,in_stock,EquinoxHealthSupplies
39,Yuwell BP Machine,"High-quality medical equipment from Equinox Health Supplies, trusted supplier in Nairobi, Kenya. Ideal for clinical facilities and home care.",new,https://equinoxhealthsupplies.co.ke/catalog.html,https://equinoxhealthsupplies.co.ke/assets/images/yuwell-bp.jpg,4000 KES,in_stock,EquinoxHealthSupplies
40,Omron M1 Blood Pressure Monitor,"High-quality medical equipment from Equinox Health Supplies, trusted supplier in Nairobi, Kenya. Ideal for clinical facilities and home care.",new,https://equinoxhealthsupplies.co.ke/catalog.html,https://equinoxhealthsupplies.co.ke/assets/images/omron-m1.jpg,5000 KES,in_stock,EquinoxHealthSupplies
41,Littmann Classic III Stethoscope,"High-quality medical equipment from Equinox Health Supplies, trusted supplier in Nairobi, Kenya. Ideal for clinical facilities and home care.",new,https://equinoxhealthsupplies.co.ke/catalog.html,https://equinoxhealthsupplies.co.ke/assets/images/littmann-stethoscope.jpg,4500 KES,in_stock,EquinoxHealthSupplies
42,Infrared Light with Stand,"High-quality medical equipment from Equinox Health Supplies, trusted supplier in Nairobi, Kenya. Ideal for clinical facilities and home care.",new,https://equinoxhealthsupplies.co.ke/catalog.html,https://equinoxhealthsupplies.co.ke/assets/images/infrared-light.jpg,20000 KES,in_stock,EquinoxHealthSupplies
43,Pentorch (Penlight Torch),"High-quality medical equipment from Equinox Health Supplies, trusted supplier in Nairobi, Kenya. Ideal for clinical facilities and home care.",new,https://equinoxhealthsupplies.co.ke/catalog.html,https://equinoxhealthsupplies.co.ke/assets/images/pentorch.jpg,750 KES,in_stock,EquinoxHealthSupplies
44,Vein Finder,"High-quality medical equipment from Equinox Health Supplies, trusted supplier in Nairobi, Kenya. Ideal for clinical facilities and home care.",new,https://equinoxhealthsupplies.co.ke/catalog.html,https://equinoxhealthsupplies.co.ke/assets/images/vein-finder.jpg,7500 KES,in_stock,EquinoxHealthSupplies
45,On Call Machine with Strips,"High-quality medical equipment from Equinox Health Supplies, trusted supplier in Nairobi, Kenya. Ideal for clinical facilities and home care.",new,https://equinoxhealthsupplies.co.ke/catalog.html,https://equinoxhealthsupplies.co.ke/assets/images/on-call-machine.jpg,2600 KES,in_stock,EquinoxHealthSupplies
46,Haematology Machine,"High-quality medical equipment from Equinox Health Supplies, trusted supplier in Nairobi, Kenya. Ideal for clinical facilities and home care.",new,https://equinoxhealthsupplies.co.ke/catalog.html,https://equinoxhealthsupplies.co.ke/assets/images/haematology-machine.jpg,370000 KES,in_stock,EquinoxHealthSupplies
47,Centrifuge,"High-quality medical equipment from Equinox Health Supplies, trusted supplier in Nairobi, Kenya. Ideal for clinical facilities and home care.",new,https://equinoxhealthsupplies.co.ke/catalog.html,https://equinoxhealthsupplies.co.ke/assets/images/centrifuge.jpg,9500 KES,in_stock,EquinoxHealthSupplies
48,Round Centrifuge,"High-quality medical equipment from Equinox Health Supplies, trusted supplier in Nairobi, Kenya. Ideal for clinical facilities and home care.",new,https://equinoxhealthsupplies.co.ke/catalog.html,https://equinoxhealthsupplies.co.ke/assets/images/round-centrifuge.jpg,8500 KES,in_stock,EquinoxHealthSupplies
49,Microscope,"High-quality medical equipment from Equinox Health Supplies, trusted supplier in Nairobi, Kenya. Ideal for clinical facilities and home care.",new,https://equinoxhealthsupplies.co.ke/catalog.html,https://equinoxhealthsupplies.co.ke/assets/images/microscope.jpg,25000 KES,in_stock,EquinoxHealthSupplies
50,Laboratory Oven,"High-quality medical equipment from Equinox Health Supplies, trusted supplier in Nairobi, Kenya. Ideal for clinical facilities and home care.",new,https://equinoxhealthsupplies.co.ke/catalog.html,https://equinoxhealthsupplies.co.ke/assets/images/laboratory-oven.jpg,42000 KES,in_stock,EquinoxHealthSupplies
51,Water Distiller,"High-quality medical equipment from Equinox Health Supplies, trusted supplier in Nairobi, Kenya. Ideal for clinical facilities and home care.",new,https://equinoxhealthsupplies.co.ke/catalog.html,https://equinoxhealthsupplies.co.ke/assets/images/water-distiller.jpg,38000 KES,in_stock,EquinoxHealthSupplies
52,Purple Tops (100s),"High-quality medical equipment from Equinox Health Supplies, trusted supplier in Nairobi, Kenya. Ideal for clinical facilities and home care.",new,https://equinoxhealthsupplies.co.ke/catalog.html,https://equinoxhealthsupplies.co.ke/assets/images/purple-tops.jpg,900 KES,in_stock,EquinoxHealthSupplies
53,Hygrometer,"High-quality medical equipment from Equinox Health Supplies, trusted supplier in Nairobi, Kenya. Ideal for clinical facilities and home care.",new,https://equinoxhealthsupplies.co.ke/catalog.html,https://equinoxhealthsupplies.co.ke/assets/images/hygrometer.jpg,1500 KES,in_stock,EquinoxHealthSupplies
54,Top Side Regulator,"High-quality medical equipment from Equinox Health Supplies, trusted supplier in Nairobi, Kenya. Ideal for clinical facilities and home care.",new,https://equinoxhealthsupplies.co.ke/catalog.html,https://equinoxhealthsupplies.co.ke/assets/images/top-side-regulator.jpg,4000 KES,in_stock,EquinoxHealthSupplies
55,Wall Flowmeter,"High-quality medical equipment from Equinox Health Supplies, trusted supplier in Nairobi, Kenya. Ideal for clinical facilities and home care.",new,https://equinoxhealthsupplies.co.ke/catalog.html,https://equinoxhealthsupplies.co.ke/assets/images/wall-flowmeter.jpg,4500 KES,in_stock,EquinoxHealthSupplies
56,Vital Sign Monitor,"High-quality medical equipment from Equinox Health Supplies, trusted supplier in Nairobi, Kenya. Ideal for clinical facilities and home care.",new,https://equinoxhealthsupplies.co.ke/catalog.html,https://equinoxhealthsupplies.co.ke/assets/images/vital-sign-monitor.jpg,40000 KES,in_stock,EquinoxHealthSupplies
57,Defibrillator,"High-quality medical equipment from Equinox Health Supplies, trusted supplier in Nairobi, Kenya. Ideal for clinical facilities and home care.",new,https://equinoxhealthsupplies.co.ke/catalog.html,https://equinoxhealthsupplies.co.ke/assets/images/defibrillator.jpg,105000 KES,in_stock,EquinoxHealthSupplies
58,Patient Monitor (5 Parameters),"High-quality medical equipment from Equinox Health Supplies, trusted supplier in Nairobi, Kenya. Ideal for clinical facilities and home care.",new,https://equinoxhealthsupplies.co.ke/catalog.html,https://equinoxhealthsupplies.co.ke/assets/images/patient-monitor.jpg,60000 KES,in_stock,EquinoxHealthSupplies
59,Thermal Roll,"High-quality medical equipment from Equinox Health Supplies, trusted supplier in Nairobi, Kenya. Ideal for clinical facilities and home care.",new,https://equinoxhealthsupplies.co.ke/catalog.html,https://equinoxhealthsupplies.co.ke/assets/images/thermal-roll.jpg,1800 KES,in_stock,EquinoxHealthSupplies
60,1200cc Spirometer,"High-quality medical equipment from Equinox Health Supplies, trusted supplier in Nairobi, Kenya. Ideal for clinical facilities and home care.",new,https://equinoxhealthsupplies.co.ke/catalog.html,https://equinoxhealthsupplies.co.ke/assets/images/spirometer-1200cc.jpg,1500 KES,in_stock,EquinoxHealthSupplies
61,5000cc Spirometer,"High-quality medical equipment from Equinox Health Supplies, trusted supplier in Nairobi, Kenya. Ideal for clinical facilities and home care.",new,https://equinoxhealthsupplies.co.ke/catalog.html,https://equinoxhealthsupplies.co.ke/assets/images/spirometer-5000cc.jpg,2400 KES,in_stock,EquinoxHealthSupplies
62,Autoclave Power Cable,"High-quality medical equipment from Equinox Health Supplies, trusted supplier in Nairobi, Kenya. Ideal for clinical facilities and home care.",new,https://equinoxhealthsupplies.co.ke/catalog.html,https://equinoxhealthsupplies.co.ke/assets/images/autoclave-cable.jpg,2500 KES,in_stock,EquinoxHealthSupplies
63,Lumbar Corset (Back Support),"High-quality medical equipment from Equinox Health Supplies, trusted supplier in Nairobi, Kenya. Ideal for clinical facilities and home care.",new,https://equinoxhealthsupplies.co.ke/catalog.html,https://equinoxhealthsupplies.co.ke/assets/images/lumbar-corset.jpg,3000 KES,in_stock,EquinoxHealthSupplies
64,Philadelphia Cervical Collar,"High-quality medical equipment from Equinox Health Supplies, trusted supplier in Nairobi, Kenya. Ideal for clinical facilities and home care.",new,https://equinoxhealthsupplies.co.ke/catalog.html,https://equinoxhealthsupplies.co.ke/assets/images/cervical-collar.jpg,2600 KES,in_stock,EquinoxHealthSupplies
65,Knee Brace (Hinged),"High-quality medical equipment from Equinox Health Supplies, trusted supplier in Nairobi, Kenya. Ideal for clinical facilities and home care.",new,https://equinoxhealthsupplies.co.ke/catalog.html,https://equinoxhealthsupplies.co.ke/assets/images/knee-brace-hinged.jpg,3500 KES,in_stock,EquinoxHealthSupplies
66,Range of Motion Knee Brace,"High-quality medical equipment from Equinox Health Supplies, trusted supplier in Nairobi, Kenya. Ideal for clinical facilities and home care.",new,https://equinoxhealthsupplies.co.ke/catalog.html,https://equinoxhealthsupplies.co.ke/assets/images/rom-knee-brace.jpg,9000 KES,in_stock,EquinoxHealthSupplies
67,Paediatric Arm Sling,"High-quality medical equipment from Equinox Health Supplies, trusted supplier in Nairobi, Kenya. Ideal for clinical facilities and home care.",new,https://equinoxhealthsupplies.co.ke/catalog.html,https://equinoxhealthsupplies.co.ke/assets/images/paediatric-arm-sling.jpg,1500 KES,in_stock,EquinoxHealthSupplies
68,Arm Sling,"High-quality medical equipment from Equinox Health Supplies, trusted supplier in Nairobi, Kenya. Ideal for clinical facilities and home care.",new,https://equinoxhealthsupplies.co.ke/catalog.html,https://equinoxhealthsupplies.co.ke/assets/images/arm-sling.jpg,1600 KES,in_stock,EquinoxHealthSupplies
69,Shoulder Immobilizer,"High-quality medical equipment from Equinox Health Supplies, trusted supplier in Nairobi, Kenya. Ideal for clinical facilities and home care.",new,https://equinoxhealthsupplies.co.ke/catalog.html,https://equinoxhealthsupplies.co.ke/assets/images/shoulder-immobilizer.jpg,3200 KES,in_stock,EquinoxHealthSupplies
70,Clavicle Brace,"High-quality medical equipment from Equinox Health Supplies, trusted supplier in Nairobi, Kenya. Ideal for clinical facilities and home care.",new,https://equinoxhealthsupplies.co.ke/catalog.html,https://equinoxhealthsupplies.co.ke/assets/images/clavicle-brace.jpg,2200 KES,in_stock,EquinoxHealthSupplies
71,Compression Stocking,"High-quality medical equipment from Equinox Health Supplies, trusted supplier in Nairobi, Kenya. Ideal for clinical facilities and home care.",new,https://equinoxhealthsupplies.co.ke/catalog.html,https://equinoxhealthsupplies.co.ke/assets/images/compression-stocking.jpg,3500 KES,in_stock,EquinoxHealthSupplies
72,Silicone Insoles (Pair),"High-quality medical equipment from Equinox Health Supplies, trusted supplier in Nairobi, Kenya. Ideal for clinical facilities and home care.",new,https://equinoxhealthsupplies.co.ke/catalog.html,https://equinoxhealthsupplies.co.ke/assets/images/silicone-insoles.jpg,2800 KES,in_stock,EquinoxHealthSupplies
73,Donut Cushion,"High-quality medical equipment from Equinox Health Supplies, trusted supplier in Nairobi, Kenya. Ideal for clinical facilities and home care.",new,https://equinoxhealthsupplies.co.ke/catalog.html,https://equinoxhealthsupplies.co.ke/assets/images/donut-cushion.jpg,4200 KES,in_stock,EquinoxHealthSupplies
74,Dilator Set,"High-quality medical equipment from Equinox Health Supplies, trusted supplier in Nairobi, Kenya. Ideal for clinical facilities and home care.",new,https://equinoxhealthsupplies.co.ke/catalog.html,https://equinoxhealthsupplies.co.ke/assets/images/dilator-set.jpg,4000 KES,in_stock,EquinoxHealthSupplies
75,Heel Spur Fix Insoles (Pair),"High-quality medical equipment from Equinox Health Supplies, trusted supplier in Nairobi, Kenya. Ideal for clinical facilities and home care.",new,https://equinoxhealthsupplies.co.ke/catalog.html,https://equinoxhealthsupplies.co.ke/assets/images/heel-spur-insoles.jpg,2200 KES,in_stock,EquinoxHealthSupplies
76,Heel Silicone Insoles (Pair),"High-quality medical equipment from Equinox Health Supplies, trusted supplier in Nairobi, Kenya. Ideal for clinical facilities and home care.",new,https://equinoxhealthsupplies.co.ke/catalog.html,https://equinoxhealthsupplies.co.ke/assets/images/heel-silicone-insoles.jpg,2000 KES,in_stock,EquinoxHealthSupplies
77,Adult Skin Traction Kit,"High-quality medical equipment from Equinox Health Supplies, trusted supplier in Nairobi, Kenya. Ideal for clinical facilities and home care.",new,https://equinoxhealthsupplies.co.ke/catalog.html,https://equinoxhealthsupplies.co.ke/assets/images/adult-skin-traction-kit.jpg,1700 KES,in_stock,EquinoxHealthSupplies
78,Finger Strengthener Set,"High-quality medical equipment from Equinox Health Supplies, trusted supplier in Nairobi, Kenya. Ideal for clinical facilities and home care.",new,https://equinoxhealthsupplies.co.ke/catalog.html,https://equinoxhealthsupplies.co.ke/assets/images/finger-strengthener.jpg,1500 KES,in_stock,EquinoxHealthSupplies
79,Kinesiology Tape,"High-quality medical equipment from Equinox Health Supplies, trusted supplier in Nairobi, Kenya. Ideal for clinical facilities and home care.",new,https://equinoxhealthsupplies.co.ke/catalog.html,https://equinoxhealthsupplies.co.ke/assets/images/kinesiology-tape.jpg,1000 KES,in_stock,EquinoxHealthSupplies
80,Plaster Shear,"High-quality medical equipment from Equinox Health Supplies, trusted supplier in Nairobi, Kenya. Ideal for clinical facilities and home care.",new,https://equinoxhealthsupplies.co.ke/catalog.html,https://equinoxhealthsupplies.co.ke/assets/images/plaster-shear.jpg,9500 KES,in_stock,EquinoxHealthSupplies
81,Wing Nut,"High-quality medical equipment from Equinox Health Supplies, trusted supplier in Nairobi, Kenya. Ideal for clinical facilities and home care.",new,https://equinoxhealthsupplies.co.ke/catalog.html,https://equinoxhealthsupplies.co.ke/assets/images/wing-nut.jpg,3000 KES,in_stock,EquinoxHealthSupplies
82,Eye Pads (50s),"High-quality medical equipment from Equinox Health Supplies, trusted supplier in Nairobi, Kenya. Ideal for clinical facilities and home care.",new,https://equinoxhealthsupplies.co.ke/catalog.html,https://equinoxhealthsupplies.co.ke/assets/images/eye-pads.jpg,1500 KES,in_stock,EquinoxHealthSupplies
83,First Aid Kit Medium,"High-quality medical equipment from Equinox Health Supplies, trusted supplier in Nairobi, Kenya. Ideal for clinical facilities and home care.",new,https://equinoxhealthsupplies.co.ke/catalog.html,https://equinoxhealthsupplies.co.ke/assets/images/first-aid-kit.jpg,3000 KES,in_stock,EquinoxHealthSupplies
84,Double Crank Hospital Bed,"High-quality medical equipment from Equinox Health Supplies, trusted supplier in Nairobi, Kenya. Ideal for clinical facilities and home care.",new,https://equinoxhealthsupplies.co.ke/catalog.html,https://equinoxhealthsupplies.co.ke/assets/images/double-crank-bed.jpg,38000 KES,in_stock,EquinoxHealthSupplies
85,Single Crank Hospital Bed,"High-quality medical equipment from Equinox Health Supplies, trusted supplier in Nairobi, Kenya. Ideal for clinical facilities and home care.",new,https://equinoxhealthsupplies.co.ke/catalog.html,https://equinoxhealthsupplies.co.ke/assets/images/single-crank-bed.jpg,28000 KES,in_stock,EquinoxHealthSupplies
86,3 Function Electric Bed,"High-quality medical equipment from Equinox Health Supplies, trusted supplier in Nairobi, Kenya. Ideal for clinical facilities and home care.",new,https://equinoxhealthsupplies.co.ke/catalog.html,https://equinoxhealthsupplies.co.ke/assets/images/3-function-electric-bed.jpg,120000 KES,in_stock,EquinoxHealthSupplies
87,Ripple Mattress (Anti-Bedsore Air Mattress),"High-quality medical equipment from Equinox Health Supplies, trusted supplier in Nairobi, Kenya. Ideal for clinical facilities and home care.",new,https://equinoxhealthsupplies.co.ke/catalog.html,https://equinoxhealthsupplies.co.ke/assets/images/ripple-mattress.jpg,7500 KES,in_stock,EquinoxHealthSupplies
88,Delivery Bed,"High-quality medical equipment from Equinox Health Supplies, trusted supplier in Nairobi, Kenya. Ideal for clinical facilities and home care.",new,https://equinoxhealthsupplies.co.ke/catalog.html,https://equinoxhealthsupplies.co.ke/assets/images/delivery-bed.jpg,32000 KES,in_stock,EquinoxHealthSupplies
89,Operating Table,"High-quality medical equipment from Equinox Health Supplies, trusted supplier in Nairobi, Kenya. Ideal for clinical facilities and home care.",new,https://equinoxhealthsupplies.co.ke/catalog.html,https://equinoxhealthsupplies.co.ke/assets/images/operating-table.jpg,280000 KES,in_stock,EquinoxHealthSupplies
90,Emergency Trolley / Crash Cart,"High-quality medical equipment from Equinox Health Supplies, trusted supplier in Nairobi, Kenya. Ideal for clinical facilities and home care.",new,https://equinoxhealthsupplies.co.ke/catalog.html,https://equinoxhealthsupplies.co.ke/assets/images/crash-cart.jpg,58000 KES,in_stock,EquinoxHealthSupplies
91,Theatre Light,"High-quality medical equipment from Equinox Health Supplies, trusted supplier in Nairobi, Kenya. Ideal for clinical facilities and home care.",new,https://equinoxhealthsupplies.co.ke/catalog.html,https://equinoxhealthsupplies.co.ke/assets/images/theatre-light.jpg,350000 KES,in_stock,EquinoxHealthSupplies
92,Examination Lamp,"High-quality medical equipment from Equinox Health Supplies, trusted supplier in Nairobi, Kenya. Ideal for clinical facilities and home care.",new,https://equinoxhealthsupplies.co.ke/catalog.html,https://equinoxhealthsupplies.co.ke/assets/images/examination-lamp.jpg,12500 KES,in_stock,EquinoxHealthSupplies
93,Urine Bottle,"High-quality medical equipment from Equinox Health Supplies, trusted supplier in Nairobi, Kenya. Ideal for clinical facilities and home care.",new,https://equinoxhealthsupplies.co.ke/catalog.html,https://equinoxhealthsupplies.co.ke/assets/images/urine-bottle.jpg,1200 KES,in_stock,EquinoxHealthSupplies
94,Bed Pad,"High-quality medical equipment from Equinox Health Supplies, trusted supplier in Nairobi, Kenya. Ideal for clinical facilities and home care.",new,https://equinoxhealthsupplies.co.ke/catalog.html,https://equinoxhealthsupplies.co.ke/assets/images/bed-pad.jpg,2200 KES,in_stock,EquinoxHealthSupplies
95,Reusable Patient Gown,"High-quality medical equipment from Equinox Health Supplies, trusted supplier in Nairobi, Kenya. Ideal for clinical facilities and home care.",new,https://equinoxhealthsupplies.co.ke/catalog.html,https://equinoxhealthsupplies.co.ke/assets/images/patient-gown.jpg,1600 KES,in_stock,EquinoxHealthSupplies
96,Manual Height & Weight Weighing Scale,"High-quality medical equipment from Equinox Health Supplies, trusted supplier in Nairobi, Kenya. Ideal for clinical facilities and home care.",new,https://equinoxhealthsupplies.co.ke/catalog.html,https://equinoxhealthsupplies.co.ke/assets/images/weighing-scale.jpg,9000 KES,in_stock,EquinoxHealthSupplies
97,4-Channel TENS Machine,"High-quality medical equipment from Equinox Health Supplies, trusted supplier in Nairobi, Kenya. Ideal for clinical facilities and home care.",new,https://equinoxhealthsupplies.co.ke/catalog.html,https://equinoxhealthsupplies.co.ke/assets/images/tens-machine.jpg,7500 KES,in_stock,EquinoxHealthSupplies
98,18L Autoclave,"High-quality medical equipment from Equinox Health Supplies, trusted supplier in Nairobi, Kenya. Ideal for clinical facilities and home care.",new,https://equinoxhealthsupplies.co.ke/catalog.html,https://equinoxhealthsupplies.co.ke/assets/images/autoclave.jpg,18500 KES,in_stock,EquinoxHealthSupplies
99,2 Channel Autoclave,"High-quality medical equipment from Equinox Health Supplies, trusted supplier in Nairobi, Kenya. Ideal for clinical facilities and home care.",new,https://equinoxhealthsupplies.co.ke/catalog.html,https://equinoxhealthsupplies.co.ke/assets/images/2-channel-autoclave.jpg,8500 KES,in_stock,EquinoxHealthSupplies
100,Foot Massager,"High-quality medical equipment from Equinox Health Supplies, trusted supplier in Nairobi, Kenya. Ideal for clinical facilities and home care.",new,https://equinoxhealthsupplies.co.ke/catalog.html,https://equinoxhealthsupplies.co.ke/assets/images/foot-massager.jpg,2200 KES,in_stock,EquinoxHealthSupplies
101,Massage Gun,"High-quality medical equipment from Equinox Health Supplies, trusted supplier in Nairobi, Kenya. Ideal for clinical facilities and home care.",new,https://equinoxhealthsupplies.co.ke/catalog.html,https://equinoxhealthsupplies.co.ke/assets/images/massage-gun.jpg,2800 KES,in_stock,EquinoxHealthSupplies
102,Rehabilitation Hand Robot Glove,"High-quality medical equipment from Equinox Health Supplies, trusted supplier in Nairobi, Kenya. Ideal for clinical facilities and home care.",new,https://equinoxhealthsupplies.co.ke/catalog.html,https://equinoxhealthsupplies.co.ke/assets/images/hand-glove.jpg,35000 KES,in_stock,EquinoxHealthSupplies
103,Spacer Mask,"High-quality medical equipment from Equinox Health Supplies, trusted supplier in Nairobi, Kenya. Ideal for clinical facilities and home care.",new,https://equinoxhealthsupplies.co.ke/catalog.html,https://equinoxhealthsupplies.co.ke/assets/images/spacer-mask.jpg,1700 KES,in_stock,EquinoxHealthSupplies
104,Reusable Colostomy Bag,"High-quality medical equipment from Equinox Health Supplies, trusted supplier in Nairobi, Kenya. Ideal for clinical facilities and home care.",new,https://equinoxhealthsupplies.co.ke/catalog.html,https://equinoxhealthsupplies.co.ke/assets/images/colostomy-bag.jpg,500 KES,in_stock,EquinoxHealthSupplies
105,Gastrostomy Tube (Size 24, 26, 28),"High-quality medical equipment from Equinox Health Supplies, trusted supplier in Nairobi, Kenya. Ideal for clinical facilities and home care.",new,https://equinoxhealthsupplies.co.ke/catalog.html,https://equinoxhealthsupplies.co.ke/assets/images/gastrostomy-tube.jpg,0 KES,in_stock,EquinoxHealthSupplies
107,Disposable Syringe,"High-quality medical equipment from Equinox Health Supplies, trusted supplier in Nairobi, Kenya. Ideal for clinical facilities and home care.",new,https://equinoxhealthsupplies.co.ke/catalog.html,https://equinoxhealthsupplies.co.ke/assets/images/disposable-syringe.jpg,400 KES,in_stock,EquinoxHealthSupplies
108,Heavy Duty Nitrile Gloves,"High-quality medical equipment from Equinox Health Supplies, trusted supplier in Nairobi, Kenya. Ideal for clinical facilities and home care.",new,https://equinoxhealthsupplies.co.ke/catalog.html,https://equinoxhealthsupplies.co.ke/assets/images/nitrile-gloves.jpg,450 KES,in_stock,EquinoxHealthSupplies